"RowIndex","Run_1","Run_2","Run_3","Run_4","Run_5","Run_6","Run_7","Run_8","Run_9","Run_10","Run_11","Run_12","Run_13","Run_14","Run_15","Run_16","Run_17","Run_18","Run_19","Run_20","Run_21","Run_22","Run_23","Run_24","Run_25","Run_26","Run_27","Run_28","Run_29","Run_30","Run_31","Run_32","Run_33"
1,"Train","Train","Train","Train","Train","Train","Train","Test","Train","Train","Train","Train","Train","Test","Train","Train","Train","Train","Test","Test","Train","Train","Train","Train","Train","Test","Test","Test","Train","Train","Train","Test","Test"
2,"Train","Train","Test","Train","Test","Test","Test","Train","Train","Test","Test","Test","Train","Train","Test","Train","Train","Train","Train","Train","Train","Train","Test","Train","Test","Train","Train","Train","Train","Train","Train","Test","Test"
3,"Train","Train","Train","Train","Train","Train","Train","Train","Train","Test","Test","Train","Train","Train","Train","Train","Test","Train","Test","Test","Test","Train","Test","Train","Train","Train","Train","Train","Train","Test","Train","Test","Train"
4,"Train","Train","Train","Train","Train","Train","Train","Test","Test","Test","Test","Train","Test","Train","Train","Train","Test","Test","Test","Train","Train","Train","Test","Test","Train","Test","Test","Train","Train","Test","Train","Test","Test"
5,"Test","Train","Train","Test","Test","Train","Train","Train","Train","Test","Test","Train","Train","Train","Train","Test","Train","Test","Train","Train","Train","Test","Train","Test","Train","Train","Test","Train","Train","Train","Train","Train","Test"
6,"Test","Train","Train","Train","Train","Train","Train","Train","Train","Train","Train","Train","Train","Train","Test","Train","Train","Train","Train","Test","Train","Test","Train","Train","Train","Train","Train","Train","Train","Test","Train","Train","Train"
7,"Train","Train","Train","Train","Train","Test","Train","Test","Test","Train","Train","Train","Test","Train","Test","Test","Train","Train","Train","Test","Train","Train","Test","Test","Train","Train","Train","Test","Train","Test","Train","Train","Train"
8,"Test","Test","Train","Train","Train","Train","Train","Train","Test","Train","Train","Train","Train","Train","Test","Train","Train","Train","Train","Test","Test","Train","Train","Train","Train","Test","Train","Test","Train","Test","Train","Train","Train"
9,"Test","Test","Train","Train","Train","Train","Train","Train","Train","Test","Train","Test","Train","Train","Test","Train","Train","Train","Test","Train","Train","Test","Test","Test","Test","Test","Train","Train","Train","Test","Test","Train","Train"
10,"Test","Train","Train","Train","Test","Train","Train","Train","Test","Test","Train","Train","Train","Train","Train","Train","Train","Train","Train","Train","Train","Test","Train","Train","Train","Train","Train","Test","Train","Train","Test","Train","Train"
11,"Train","Train","Train","Test","Test","Train","Test","Test","Train","Train","Train","Train","Train","Train","Train","Train","Train","Test","Test","Train","Test","Train","Train","Train","Test","Train","Train","Test","Train","Train","Train","Train","Train"
12,"Train","Train","Train","Test","Train","Train","Train","Train","Train","Test","Train","Test","Train","Train","Train","Test","Train","Train","Train","Train","Train","Train","Test","Test","Train","Test","Train","Test","Train","Test","Train","Train","Test"
13,"Test","Train","Train","Test","Train","Train","Test","Test","Train","Test","Train","Train","Train","Train","Train","Train","Test","Train","Train","Test","Test","Test","Test","Train","Test","Test","Test","Train","Test","Train","Test","Train","Train"
14,"Train","Test","Train","Test","Train","Train","Test","Train","Train","Train","Train","Train","Train","Test","Train","Train","Test","Test","Train","Test","Train","Test","Train","Train","Train","Test","Test","Train","Test","Test","Test","Train","Train"
15,"Test","Train","Train","Train","Train","Train","Train","Train","Test","Train","Train","Train","Train","Train","Train","Train","Test","Train","Train","Train","Train","Train","Train","Test","Train","Train","Train","Train","Test","Train","Train","Train","Train"
16,"Test","Train","Train","Train","Train","Train","Train","Train","Test","Train","Train","Train","Train","Train","Train","Train","Train","Train","Train","Test","Train","Test","Test","Train","Train","Train","Train","Train","Test","Test","Test","Train","Train"
17,"Train","Test","Train","Train","Train","Train","Train","Train","Test","Test","Train","Test","Train","Train","Train","Test","Train","Train","Train","Train","Test","Train","Train","Train","Train","Train","Train","Train","Test","Test","Train","Train","Train"
18,"Train","Train","Train","Test","Train","Test","Test","Train","Train","Train","Test","Test","Train","Train","Train","Test","Train","Test","Train","Train","Train","Train","Train","Test","Train","Train","Train","Test","Train","Train","Train","Train","Train"
19,"Test","Train","Train","Train","Test","Train","Train","Train","Test","Test","Test","Train","Test","Train","Train","Test","Train","Train","Train","Test","Train","Test","Train","Train","Train","Train","Train","Train","Train","Train","Train","Train","Train"
20,"Test","Test","Train","Train","Train","Train","Train","Train","Test","Train","Train","Train","Test","Train","Train","Test","Train","Train","Test","Train","Train","Test","Train","Train","Test","Train","Test","Train","Train","Train","Test","Test","Train"
21,"Test","Train","Test","Train","Test","Train","Train","Train","Test","Train","Train","Train","Train","Train","Train","Train","Train","Test","Train","Train","Test","Test","Test","Train","Train","Test","Train","Train","Train","Train","Train","Train","Train"
22,"Test","Train","Train","Train","Train","Train","Train","Train","Train","Train","Train","Train","Train","Train","Train","Train","Train","Train","Train","Test","Train","Train","Test","Test","Train","Train","Test","Train","Train","Train","Train","Train","Test"
23,"Train","Train","Train","Test","Train","Train","Test","Train","Train","Train","Train","Train","Train","Test","Train","Train","Train","Train","Test","Train","Train","Train","Train","Train","Train","Train","Train","Test","Train","Train","Train","Train","Train"
24,"Test","Train","Train","Train","Test","Train","Train","Train","Train","Test","Train","Train","Train","Test","Train","Train","Train","Train","Test","Test","Test","Train","Train","Train","Train","Train","Test","Test","Train","Train","Test","Test","Train"
25,"Test","Train","Train","Train","Train","Train","Test","Train","Train","Test","Test","Train","Train","Train","Train","Train","Train","Test","Train","Train","Test","Train","Train","Test","Test","Train","Test","Test","Test","Train","Test","Test","Train"
26,"Train","Train","Train","Train","Train","Train","Train","Test","Test","Train","Test","Train","Test","Test","Train","Train","Train","Train","Train","Train","Train","Train","Train","Train","Test","Train","Test","Test","Test","Train","Train","Test","Train"
27,"Train","Train","Train","Train","Test","Train","Train","Test","Test","Train","Train","Test","Train","Train","Train","Test","Test","Test","Test","Train","Train","Test","Train","Train","Train","Test","Test","Train","Train","Train","Train","Train","Train"
28,"Train","Train","Test","Train","Train","Test","Test","Train","Train","Train","Train","Train","Train","Test","Train","Train","Train","Train","Train","Train","Train","Train","Train","Train","Train","Test","Test","Train","Test","Train","Train","Train","Test"
29,"Train","Test","Train","Test","Train","Train","Test","Train","Train","Test","Train","Train","Train","Train","Train","Test","Test","Train","Train","Train","Train","Train","Test","Test","Train","Train","Train","Train","Train","Test","Test","Train","Train"
30,"Test","Train","Train","Train","Train","Test","Train","Train","Train","Train","Test","Train","Train","Train","Test","Train","Test","Train","Train","Train","Train","Train","Test","Train","Test","Train","Train","Train","Train","Train","Train","Train","Train"
31,"Train","Train","Train","Test","Train","Test","Train","Train","Train","Train","Test","Test","Train","Train","Train","Test","Train","Train","Train","Train","Train","Train","Train","Test","Test","Train","Train","Train","Train","Train","Train","Train","Train"
32,"Test","Train","Train","Test","Train","Train","Train","Train","Train","Train","Train","Train","Test","Test","Train","Test","Train","Test","Test","Train","Train","Train","Test","Test","Train","Train","Train","Train","Test","Train","Train","Train","Train"
33,"Train","Train","Train","Train","Test","Train","Test","Test","Train","Test","Train","Train","Test","Train","Test","Train","Test","Train","Test","Train","Train","Train","Train","Train","Train","Train","Train","Train","Train","Train","Test","Train","Train"
34,"Train","Train","Train","Test","Train","Train","Train","Train","Train","Test","Train","Test","Train","Test","Train","Train","Test","Train","Test","Test","Test","Test","Train","Test","Test","Train","Train","Test","Train","Train","Train","Train","Test"
35,"Test","Train","Train","Train","Train","Train","Train","Train","Train","Test","Train","Train","Train","Test","Train","Train","Train","Test","Test","Train","Test","Test","Train","Test","Test","Test","Train","Train","Test","Test","Train","Test","Train"
36,"Train","Train","Train","Train","Train","Train","Train","Test","Train","Train","Train","Train","Train","Test","Test","Train","Train","Test","Test","Train","Test","Test","Train","Train","Train","Test","Test","Train","Train","Train","Test","Train","Train"
37,"Train","Train","Train","Test","Test","Test","Train","Train","Train","Train","Train","Train","Train","Train","Train","Test","Test","Test","Train","Train","Test","Train","Train","Train","Train","Train","Train","Train","Test","Train","Train","Train","Train"
38,"Train","Test","Train","Test","Train","Train","Test","Train","Train","Test","Test","Train","Train","Train","Train","Test","Train","Train","Train","Train","Train","Train","Train","Train","Train","Train","Train","Train","Train","Test","Train","Test","Train"
39,"Train","Train","Train","Train","Test","Test","Test","Train","Train","Train","Test","Train","Train","Train","Train","Train","Train","Train","Train","Train","Train","Test","Train","Train","Test","Train","Train","Train","Train","Test","Train","Train","Train"
40,"Train","Train","Train","Test","Train","Train","Train","Test","Test","Test","Test","Train","Train","Test","Train","Train","Train","Train","Train","Train","Train","Train","Test","Train","Train","Train","Test","Test","Train","Test","Train","Train","Train"
41,"Test","Train","Test","Train","Train","Test","Train","Train","Train","Test","Train","Test","Train","Train","Test","Train","Train","Train","Test","Train","Train","Test","Train","Train","Test","Train","Train","Test","Train","Train","Test","Train","Train"
42,"Train","Train","Test","Train","Train","Train","Train","Train","Train","Test","Train","Test","Test","Train","Train","Train","Train","Train","Test","Train","Train","Train","Train","Train","Train","Test","Train","Train","Test","Train","Train","Train","Test"
43,"Test","Train","Test","Train","Test","Train","Test","Train","Train","Train","Train","Train","Train","Train","Train","Train","Train","Test","Test","Train","Train","Test","Train","Test","Test","Train","Train","Test","Test","Train","Train","Test","Train"
44,"Train","Test","Train","Train","Test","Train","Train","Train","Test","Train","Test","Train","Train","Train","Test","Train","Train","Test","Train","Test","Train","Test","Test","Test","Train","Test","Test","Train","Test","Train","Train","Test","Test"
45,"Test","Train","Test","Test","Test","Test","Train","Train","Test","Train","Test","Train","Train","Train","Train","Train","Train","Train","Test","Train","Train","Train","Train","Train","Train","Train","Train","Train","Train","Train","Train","Test","Train"
46,"Train","Test","Train","Train","Train","Train","Test","Test","Train","Train","Test","Test","Train","Test","Train","Train","Train","Train","Train","Test","Train","Train","Test","Train","Test","Train","Test","Test","Train","Test","Train","Train","Train"
47,"Train","Test","Train","Train","Test","Test","Test","Train","Train","Train","Test","Test","Test","Train","Train","Train","Train","Train","Test","Test","Test","Test","Test","Train","Train","Train","Test","Test","Test","Train","Train","Train","Train"
48,"Train","Test","Train","Train","Train","Train","Test","Test","Train","Train","Test","Train","Test","Train","Train","Train","Test","Train","Train","Train","Test","Train","Test","Train","Train","Test","Train","Test","Test","Test","Train","Train","Train"
49,"Train","Train","Test","Train","Train","Train","Train","Test","Train","Train","Train","Train","Train","Test","Train","Train","Train","Train","Train","Test","Train","Train","Train","Test","Train","Train","Train","Train","Train","Train","Test","Test","Train"
50,"Train","Train","Train","Test","Train","Train","Test","Train","Test","Train","Train","Test","Train","Train","Train","Train","Test","Train","Train","Train","Train","Train","Test","Test","Train","Test","Train","Train","Test","Train","Train","Test","Test"
51,"Train","Train","Test","Train","Train","Train","Train","Train","Train","Test","Train","Test","Test","Train","Train","Train","Test","Train","Train","Train","Train","Train","Test","Test","Train","Test","Train","Train","Train","Test","Test","Train","Test"
52,"Train","Test","Train","Train","Train","Test","Train","Train","Train","Train","Test","Train","Train","Train","Test","Train","Train","Train","Train","Test","Test","Test","Test","Train","Train","Train","Train","Test","Train","Train","Train","Train","Train"
53,"Train","Train","Test","Train","Train","Test","Train","Train","Train","Train","Train","Train","Train","Train","Train","Train","Train","Train","Train","Train","Train","Train","Test","Train","Train","Train","Train","Train","Test","Train","Train","Test","Test"
54,"Test","Test","Test","Train","Train","Train","Test","Train","Train","Train","Train","Train","Train","Test","Train","Train","Train","Train","Train","Test","Train","Train","Train","Train","Test","Train","Train","Train","Test","Train","Train","Train","Train"
55,"Train","Train","Train","Train","Train","Test","Train","Test","Test","Train","Train","Test","Test","Train","Train","Test","Test","Train","Train","Train","Train","Train","Test","Train","Train","Test","Test","Test","Test","Train","Train","Train","Train"
56,"Train","Train","Test","Test","Train","Train","Train","Train","Train","Train","Train","Train","Test","Train","Train","Test","Test","Test","Test","Train","Train","Train","Train","Test","Test","Train","Train","Train","Train","Test","Test","Train","Train"
57,"Train","Train","Train","Train","Test","Train","Train","Test","Train","Train","Train","Train","Train","Test","Test","Train","Train","Train","Train","Test","Train","Train","Test","Train","Train","Test","Train","Train","Train","Train","Test","Train","Train"
58,"Train","Test","Train","Train","Train","Train","Train","Test","Train","Train","Train","Test","Train","Test","Test","Train","Test","Train","Train","Train","Train","Train","Train","Train","Train","Train","Train","Train","Train","Train","Train","Test","Train"
59,"Train","Test","Train","Train","Train","Train","Train","Train","Test","Train","Train","Train","Train","Train","Train","Train","Train","Train","Test","Test","Test","Train","Train","Test","Test","Test","Train","Train","Test","Train","Train","Train","Train"
60,"Train","Test","Test","Train","Train","Train","Train","Test","Train","Train","Test","Train","Test","Train","Train","Train","Train","Train","Test","Test","Test","Train","Test","Test","Train","Train","Test","Train","Train","Train","Test","Train","Train"
61,"Train","Test","Train","Train","Train","Train","Train","Train","Train","Train","Test","Train","Train","Train","Test","Train","Train","Test","Train","Test","Train","Train","Train","Train","Train","Test","Train","Test","Train","Train","Test","Train","Train"
62,"Train","Test","Test","Test","Test","Train","Train","Train","Train","Train","Train","Test","Train","Train","Test","Train","Train","Train","Train","Train","Train","Train","Train","Train","Test","Test","Train","Test","Train","Train","Test","Train","Train"
63,"Test","Test","Test","Test","Train","Train","Train","Test","Train","Train","Train","Test","Train","Train","Train","Train","Train","Test","Test","Train","Train","Test","Train","Train","Train","Test","Train","Train","Train","Train","Train","Train","Train"
64,"Train","Train","Test","Train","Test","Train","Train","Test","Test","Train","Train","Train","Train","Train","Test","Test","Test","Train","Train","Test","Test","Train","Test","Train","Train","Train","Train","Train","Train","Test","Train","Train","Train"
65,"Train","Train","Train","Train","Train","Train","Test","Test","Train","Test","Test","Train","Train","Train","Train","Test","Test","Test","Test","Train","Test","Train","Test","Train","Train","Train","Test","Train","Train","Train","Train","Train","Train"
66,"Train","Train","Train","Train","Test","Train","Train","Train","Train","Train","Train","Test","Train","Train","Train","Train","Train","Train","Train","Train","Train","Train","Train","Train","Train","Train","Train","Test","Train","Train","Test","Train","Test"
67,"Test","Train","Test","Test","Train","Train","Train","Train","Train","Test","Train","Test","Train","Train","Train","Train","Train","Train","Train","Train","Test","Train","Train","Train","Test","Test","Train","Train","Train","Train","Train","Train","Train"
68,"Train","Test","Test","Train","Test","Train","Train","Train","Train","Train","Train","Train","Test","Train","Train","Test","Train","Train","Train","Test","Train","Train","Train","Train","Test","Test","Train","Train","Train","Train","Test","Test","Train"
69,"Train","Train","Train","Train","Train","Test","Test","Train","Train","Train","Test","Test","Train","Test","Train","Train","Train","Test","Test","Train","Train","Train","Train","Test","Test","Train","Train","Train","Train","Train","Train","Test","Train"
70,"Train","Train","Test","Train","Train","Train","Test","Test","Train","Train","Train","Test","Test","Test","Train","Train","Train","Test","Test","Train","Test","Test","Train","Train","Train","Train","Test","Test","Test","Train","Test","Test","Test"
71,"Train","Train","Train","Train","Train","Train","Test","Train","Train","Train","Train","Test","Train","Train","Train","Train","Train","Train","Train","Train","Train","Train","Train","Test","Train","Train","Train","Train","Train","Test","Test","Test","Test"
72,"Test","Train","Train","Train","Train","Train","Train","Train","Train","Test","Test","Test","Train","Train","Test","Train","Train","Test","Train","Test","Test","Test","Train","Train","Test","Train","Train","Test","Train","Test","Train","Train","Test"
73,"Train","Train","Train","Test","Train","Train","Test","Train","Test","Test","Train","Train","Test","Train","Test","Test","Test","Train","Test","Train","Test","Test","Test","Train","Train","Train","Train","Train","Train","Train","Train","Train","Train"
74,"Train","Train","Train","Test","Test","Test","Test","Test","Train","Train","Train","Train","Test","Train","Train","Train","Train","Test","Test","Train","Train","Train","Train","Train","Test","Test","Train","Train","Train","Test","Train","Train","Test"
75,"Train","Train","Train","Test","Test","Train","Test","Train","Test","Train","Train","Train","Test","Test","Test","Test","Train","Train","Train","Train","Train","Test","Train","Train","Train","Train","Test","Train","Train","Train","Train","Train","Train"
76,"Train","Train","Train","Test","Train","Test","Train","Train","Train","Test","Train","Train","Train","Train","Train","Test","Train","Train","Test","Train","Train","Train","Train","Test","Test","Test","Test","Train","Train","Train","Test","Test","Train"
77,"Train","Test","Train","Train","Train","Test","Train","Train","Train","Train","Train","Train","Train","Train","Train","Test","Test","Train","Train","Test","Test","Test","Test","Test","Test","Train","Test","Train","Train","Train","Test","Train","Train"
78,"Train","Test","Test","Test","Train","Test","Train","Test","Train","Train","Train","Train","Test","Train","Train","Train","Train","Test","Train","Train","Train","Train","Train","Train","Test","Test","Train","Test","Train","Test","Train","Train","Train"
79,"Train","Test","Train","Train","Train","Test","Train","Train","Train","Train","Train","Train","Test","Train","Train","Train","Test","Test","Test","Train","Test","Train","Train","Train","Train","Train","Train","Test","Test","Train","Test","Train","Train"
80,"Train","Train","Train","Test","Train","Train","Train","Train","Train","Test","Train","Train","Test","Train","Train","Train","Test","Train","Train","Train","Train","Train","Train","Test","Train","Train","Train","Train","Train","Train","Train","Train","Test"
81,"Train","Train","Train","Train","Train","Test","Test","Train","Train","Test","Test","Train","Test","Train","Test","Train","Test","Train","Test","Train","Train","Train","Train","Train","Train","Train","Train","Test","Train","Train","Train","Train","Train"
82,"Test","Train","Test","Test","Train","Test","Train","Train","Train","Test","Test","Test","Train","Train","Train","Train","Train","Train","Test","Train","Test","Train","Test","Train","Train","Train","Train","Train","Train","Train","Test","Train","Train"
83,"Train","Train","Train","Train","Train","Train","Test","Test","Train","Train","Test","Test","Test","Train","Train","Train","Train","Train","Train","Train","Train","Train","Test","Test","Train","Test","Test","Train","Test","Train","Train","Train","Test"
84,"Train","Train","Test","Test","Train","Train","Train","Train","Train","Train","Test","Train","Train","Test","Test","Test","Train","Train","Train","Test","Train","Train","Train","Train","Train","Train","Train","Test","Test","Test","Train","Train","Train"
85,"Train","Train","Test","Train","Train","Test","Train","Train","Test","Train","Train","Train","Train","Train","Train","Train","Train","Train","Train","Test","Train","Test","Train","Train","Test","Test","Train","Train","Train","Test","Train","Test","Test"
86,"Train","Train","Train","Train","Test","Test","Train","Test","Train","Test","Train","Train","Train","Train","Train","Train","Test","Train","Train","Test","Test","Test","Train","Train","Test","Train","Train","Train","Train","Train","Train","Test","Train"
87,"Train","Test","Train","Train","Test","Train","Test","Train","Train","Test","Test","Train","Test","Train","Train","Test","Test","Test","Test","Test","Train","Train","Test","Test","Test","Train","Train","Test","Train","Test","Train","Train","Train"
88,"Train","Train","Test","Train","Test","Train","Train","Train","Train","Test","Test","Test","Train","Train","Train","Test","Train","Train","Train","Test","Train","Train","Train","Test","Train","Train","Train","Train","Train","Train","Train","Train","Test"
89,"Test","Test","Train","Train","Train","Test","Train","Train","Train","Test","Test","Train","Test","Train","Train","Test","Train","Train","Train","Train","Test","Train","Test","Train","Test","Train","Test","Train","Test","Train","Train","Train","Train"
90,"Train","Train","Test","Train","Test","Train","Train","Test","Test","Train","Train","Train","Test","Train","Train","Test","Train","Train","Train","Train","Train","Test","Train","Train","Train","Train","Test","Train","Test","Train","Train","Train","Train"
91,"Test","Test","Test","Train","Train","Train","Train","Test","Test","Train","Test","Test","Train","Train","Test","Train","Train","Test","Test","Train","Train","Train","Train","Train","Train","Train","Train","Test","Train","Train","Test","Train","Train"
92,"Train","Test","Train","Train","Train","Train","Train","Train","Test","Test","Train","Train","Test","Train","Test","Train","Test","Train","Train","Test","Train","Train","Train","Train","Train","Train","Train","Train","Train","Train","Train","Train","Test"
93,"Test","Test","Test","Train","Train","Test","Test","Train","Train","Train","Train","Test","Train","Train","Test","Train","Train","Train","Test","Train","Train","Train","Train","Train","Train","Train","Train","Train","Test","Train","Train","Train","Test"
94,"Train","Train","Train","Train","Train","Train","Train","Train","Train","Train","Train","Train","Train","Train","Train","Test","Train","Train","Test","Train","Train","Test","Train","Test","Test","Train","Test","Test","Train","Train","Test","Train","Test"
95,"Train","Train","Train","Train","Test","Test","Test","Train","Test","Test","Test","Train","Test","Train","Train","Train","Train","Test","Train","Test","Test","Train","Test","Train","Train","Train","Test","Train","Test","Train","Train","Train","Train"
96,"Train","Train","Train","Train","Train","Train","Train","Train","Train","Train","Train","Train","Train","Train","Train","Train","Test","Train","Train","Test","Train","Train","Train","Train","Train","Train","Train","Train","Train","Train","Train","Test","Train"
97,"Train","Train","Train","Train","Train","Train","Train","Train","Train","Train","Train","Train","Train","Test","Test","Test","Train","Test","Train","Train","Train","Train","Train","Train","Train","Train","Train","Train","Test","Train","Train","Train","Train"
98,"Train","Train","Train","Train","Train","Train","Train","Train","Train","Train","Train","Train","Train","Train","Test","Train","Train","Train","Train","Test","Train","Train","Test","Train","Train","Train","Train","Train","Test","Train","Train","Train","Train"
99,"Test","Train","Test","Train","Train","Train","Test","Train","Train","Test","Train","Test","Train","Train","Train","Test","Train","Test","Test","Train","Train","Train","Test","Train","Train","Train","Train","Test","Train","Train","Train","Train","Train"
100,"Train","Train","Train","Train","Train","Train","Test","Train","Train","Train","Test","Train","Test","Train","Train","Train","Test","Test","Train","Train","Train","Train","Test","Train","Train","Train","Test","Train","Train","Train","Train","Train","Train"
101,"Test","Train","Train","Train","Train","Train","Train","Train","Train","Train","Train","Train","Test","Test","Test","Train","Train","Train","Test","Train","Train","Train","Train","Train","Train","Train","Test","Train","Test","Train","Train","Train","Train"
102,"Test","Train","Train","Train","Train","Train","Train","Train","Train","Train","Train","Test","Test","Train","Test","Train","Train","Train","Train","Test","Train","Train","Train","Train","Test","Train","Test","Train","Train","Train","Train","Train","Test"
103,"Train","Train","Train","Train","Train","Train","Train","Test","Train","Train","Train","Train","Train","Train","Train","Test","Test","Test","Train","Train","Train","Train","Train","Train","Train","Train","Train","Train","Train","Train","Test","Test","Train"
104,"Train","Train","Train","Train","Train","Train","Train","Train","Test","Train","Test","Test","Train","Train","Train","Train","Train","Train","Test","Train","Train","Train","Train","Train","Train","Train","Train","Train","Train","Test","Train","Test","Test"
105,"Test","Test","Test","Train","Test","Train","Test","Train","Test","Test","Train","Train","Test","Train","Test","Test","Test","Test","Test","Train","Test","Train","Test","Train","Test","Train","Train","Test","Train","Train","Train","Test","Test"
106,"Test","Train","Test","Train","Train","Train","Train","Test","Train","Test","Train","Test","Train","Train","Train","Train","Train","Train","Train","Train","Train","Train","Train","Train","Train","Train","Train","Train","Train","Test","Train","Train","Train"
107,"Test","Test","Train","Train","Train","Train","Train","Train","Train","Test","Test","Train","Test","Train","Train","Test","Train","Train","Train","Train","Train","Train","Train","Train","Train","Train","Train","Train","Train","Test","Test","Train","Train"
108,"Test","Train","Train","Train","Train","Train","Train","Test","Test","Train","Test","Test","Train","Train","Train","Train","Train","Train","Train","Train","Train","Train","Train","Train","Train","Test","Test","Train","Train","Train","Train","Train","Train"
109,"Train","Train","Train","Train","Train","Test","Test","Train","Train","Train","Train","Test","Train","Train","Train","Test","Train","Test","Train","Train","Test","Train","Train","Train","Train","Train","Train","Train","Test","Test","Train","Train","Train"
110,"Train","Train","Train","Train","Train","Train","Train","Train","Train","Test","Test","Test","Train","Test","Train","Train","Train","Test","Train","Train","Train","Test","Train","Train","Test","Train","Train","Train","Train","Train","Test","Train","Train"
111,"Test","Train","Train","Train","Test","Test","Train","Train","Test","Train","Train","Train","Train","Train","Test","Test","Test","Train","Train","Train","Train","Train","Train","Train","Train","Train","Train","Test","Test","Test","Train","Train","Test"
112,"Train","Train","Train","Train","Train","Train","Train","Train","Train","Train","Train","Train","Train","Test","Test","Train","Train","Test","Test","Test","Train","Test","Train","Train","Train","Train","Train","Test","Test","Train","Train","Test","Test"
113,"Test","Test","Train","Train","Train","Train","Test","Test","Test","Test","Train","Train","Train","Test","Train","Train","Train","Train","Test","Train","Train","Train","Test","Train","Train","Test","Train","Train","Train","Train","Test","Test","Train"
114,"Test","Train","Test","Test","Train","Test","Train","Train","Train","Test","Train","Train","Train","Test","Test","Train","Train","Test","Train","Train","Train","Train","Test","Train","Test","Train","Train","Train","Train","Train","Train","Train","Train"
115,"Test","Test","Train","Test","Train","Test","Test","Test","Train","Train","Test","Train","Train","Train","Test","Train","Train","Train","Train","Train","Train","Train","Train","Test","Test","Train","Train","Train","Train","Train","Train","Train","Train"
116,"Test","Train","Train","Train","Train","Train","Train","Train","Test","Train","Train","Train","Train","Train","Test","Train","Train","Test","Train","Train","Train","Train","Test","Train","Test","Train","Train","Train","Test","Test","Train","Train","Train"
117,"Train","Test","Train","Train","Train","Test","Train","Train","Test","Train","Train","Train","Test","Test","Train","Test","Train","Train","Train","Train","Train","Train","Test","Train","Train","Test","Train","Train","Train","Test","Train","Train","Train"
118,"Train","Test","Test","Train","Train","Train","Train","Train","Train","Train","Train","Train","Train","Train","Test","Test","Train","Train","Train","Train","Train","Train","Train","Train","Train","Train","Test","Train","Test","Train","Train","Train","Train"
119,"Train","Test","Train","Train","Test","Test","Train","Test","Train","Train","Test","Train","Test","Test","Train","Train","Test","Train","Test","Train","Test","Train","Train","Train","Train","Train","Test","Train","Train","Train","Train","Train","Train"
120,"Train","Train","Test","Train","Train","Train","Train","Train","Train","Test","Train","Train","Train","Test","Train","Train","Test","Train","Train","Train","Train","Train","Train","Train","Train","Test","Train","Test","Train","Test","Test","Test","Test"
121,"Test","Test","Train","Train","Train","Train","Train","Train","Train","Test","Train","Test","Train","Test","Train","Train","Train","Train","Train","Train","Test","Test","Train","Test","Train","Train","Train","Test","Train","Train","Train","Train","Train"
122,"Train","Train","Train","Train","Train","Train","Test","Train","Train","Train","Train","Train","Train","Train","Train","Train","Test","Train","Train","Test","Train","Train","Train","Test","Test","Train","Test","Train","Train","Train","Test","Train","Train"
123,"Train","Train","Train","Train","Train","Test","Test","Test","Train","Train","Train","Train","Train","Test","Train","Train","Test","Train","Train","Train","Train","Test","Train","Train","Train","Test","Test","Test","Test","Test","Train","Train","Train"
124,"Test","Test","Train","Train","Train","Train","Train","Train","Test","Train","Train","Train","Train","Train","Test","Test","Test","Train","Train","Train","Train","Test","Test","Train","Train","Test","Train","Train","Train","Test","Test","Test","Train"
125,"Train","Train","Train","Train","Train","Train","Train","Train","Train","Train","Train","Test","Train","Train","Train","Train","Train","Train","Train","Train","Train","Train","Train","Test","Train","Train","Test","Train","Test","Train","Train","Train","Test"
126,"Train","Test","Train","Train","Test","Test","Train","Test","Test","Train","Test","Test","Train","Train","Train","Test","Train","Train","Train","Train","Train","Train","Train","Train","Test","Train","Train","Test","Test","Train","Train","Train","Train"
127,"Test","Train","Test","Train","Test","Train","Test","Train","Train","Test","Train","Train","Test","Train","Test","Train","Test","Test","Train","Train","Train","Test","Test","Test","Train","Train","Test","Train","Train","Test","Train","Train","Train"
128,"Train","Train","Train","Train","Test","Test","Test","Train","Train","Train","Train","Train","Train","Test","Train","Train","Train","Train","Test","Train","Train","Train","Test","Train","Test","Train","Train","Test","Train","Train","Train","Train","Train"
129,"Test","Train","Train","Train","Train","Train","Test","Train","Test","Test","Test","Train","Train","Train","Train","Train","Train","Test","Train","Train","Test","Test","Train","Train","Test","Train","Train","Train","Train","Train","Train","Train","Test"
130,"Test","Test","Train","Train","Train","Train","Train","Train","Train","Train","Test","Train","Train","Train","Train","Test","Train","Test","Test","Test","Test","Train","Test","Train","Train","Train","Train","Train","Train","Train","Train","Test","Test"
131,"Train","Train","Train","Train","Train","Train","Test","Test","Train","Train","Test","Train","Test","Test","Train","Test","Test","Train","Train","Train","Train","Train","Train","Test","Train","Train","Train","Train","Train","Train","Test","Train","Train"
132,"Test","Train","Train","Test","Train","Train","Train","Train","Train","Test","Train","Test","Train","Train","Train","Test","Train","Train","Train","Test","Train","Train","Test","Train","Train","Train","Train","Test","Train","Test","Test","Train","Test"
133,"Train","Train","Train","Test","Train","Train","Train","Train","Train","Test","Train","Train","Train","Test","Train","Test","Train","Train","Test","Train","Train","Test","Train","Train","Test","Test","Train","Train","Train","Train","Train","Test","Train"
134,"Test","Train","Train","Train","Train","Train","Train","Train","Train","Train","Test","Train","Train","Train","Test","Train","Train","Train","Train","Train","Train","Test","Test","Train","Test","Train","Test","Train","Train","Train","Train","Train","Train"
135,"Test","Train","Test","Test","Test","Train","Train","Test","Train","Train","Train","Test","Train","Test","Train","Train","Train","Test","Train","Train","Train","Train","Train","Train","Train","Train","Train","Test","Test","Train","Train","Train","Test"
136,"Test","Test","Train","Train","Train","Test","Train","Train","Train","Train","Train","Train","Test","Test","Train","Test","Test","Train","Train","Train","Test","Train","Test","Train","Test","Train","Train","Test","Train","Train","Train","Train","Train"
137,"Train","Train","Train","Train","Train","Test","Train","Train","Train","Train","Test","Train","Train","Train","Test","Train","Train","Train","Train","Test","Train","Train","Test","Train","Test","Test","Train","Train","Train","Train","Train","Test","Train"
138,"Train","Train","Train","Train","Test","Train","Train","Train","Train","Train","Test","Train","Train","Train","Train","Test","Test","Train","Test","Test","Train","Train","Test","Test","Test","Train","Train","Train","Test","Train","Test","Train","Train"
139,"Train","Train","Train","Train","Train","Train","Test","Train","Test","Train","Train","Train","Train","Train","Test","Train","Train","Train","Train","Train","Train","Train","Train","Test","Test","Train","Train","Train","Train","Train","Train","Train","Train"
140,"Train","Train","Train","Test","Train","Train","Train","Test","Train","Train","Test","Train","Test","Train","Train","Train","Test","Train","Train","Train","Train","Train","Train","Train","Train","Train","Test","Train","Train","Test","Train","Train","Train"
141,"Train","Train","Train","Test","Train","Test","Test","Train","Test","Train","Train","Test","Test","Train","Train","Test","Train","Train","Train","Train","Train","Train","Train","Train","Test","Train","Train","Test","Train","Train","Train","Train","Train"
142,"Train","Train","Test","Train","Train","Train","Train","Train","Train","Train","Train","Train","Train","Test","Test","Test","Train","Train","Test","Train","Test","Train","Test","Test","Train","Train","Train","Test","Train","Test","Train","Train","Train"
143,"Test","Train","Test","Train","Train","Train","Test","Train","Train","Train","Train","Train","Train","Train","Train","Train","Train","Test","Train","Test","Train","Test","Train","Train","Train","Train","Test","Train","Train","Train","Test","Test","Test"
144,"Train","Test","Train","Train","Train","Train","Test","Train","Train","Test","Train","Train","Train","Train","Train","Test","Train","Test","Train","Train","Test","Train","Test","Train","Test","Test","Train","Train","Train","Train","Train","Test","Train"
145,"Train","Train","Train","Train","Train","Train","Train","Test","Train","Train","Test","Train","Train","Train","Train","Train","Train","Test","Test","Train","Train","Train","Train","Train","Train","Train","Train","Train","Test","Train","Train","Test","Train"
146,"Train","Train","Train","Train","Train","Train","Test","Train","Train","Train","Train","Train","Train","Test","Train","Train","Train","Train","Test","Train","Train","Test","Train","Train","Test","Train","Train","Train","Train","Train","Test","Train","Train"
147,"Train","Train","Train","Train","Train","Train","Test","Train","Train","Train","Train","Test","Test","Train","Train","Train","Train","Train","Train","Train","Train","Train","Test","Train","Train","Train","Train","Train","Train","Train","Train","Train","Test"
148,"Train","Train","Test","Test","Test","Train","Train","Test","Train","Test","Train","Train","Test","Train","Train","Train","Train","Test","Train","Train","Train","Train","Test","Test","Test","Train","Test","Train","Test","Train","Train","Train","Train"
149,"Train","Test","Train","Test","Train","Test","Test","Train","Train","Train","Test","Train","Train","Train","Test","Train","Train","Train","Train","Train","Train","Train","Train","Test","Train","Train","Test","Train","Train","Train","Train","Train","Train"
150,"Test","Train","Test","Train","Test","Train","Train","Train","Train","Test","Train","Test","Train","Test","Train","Train","Train","Train","Train","Train","Test","Train","Test","Test","Train","Train","Train","Test","Train","Train","Train","Train","Train"
151,"Train","Train","Train","Train","Train","Train","Test","Train","Train","Test","Test","Train","Test","Test","Train","Train","Train","Train","Test","Train","Test","Train","Train","Test","Train","Test","Train","Train","Train","Test","Train","Train","Train"
152,"Train","Train","Train","Train","Train","Train","Train","Train","Test","Train","Test","Train","Train","Train","Train","Train","Train","Train","Train","Test","Test","Train","Train","Train","Train","Test","Train","Train","Train","Test","Test","Train","Test"
153,"Test","Train","Train","Train","Train","Test","Train","Train","Train","Train","Train","Train","Train","Train","Train","Test","Train","Train","Test","Train","Train","Train","Train","Train","Train","Train","Train","Train","Train","Train","Train","Train","Train"
154,"Train","Train","Train","Train","Train","Train","Train","Train","Train","Train","Test","Test","Train","Train","Train","Test","Test","Test","Train","Test","Test","Train","Train","Train","Train","Train","Train","Train","Train","Train","Train","Train","Test"
155,"Test","Train","Test","Test","Test","Train","Train","Train","Test","Train","Test","Train","Train","Train","Test","Test","Test","Train","Test","Train","Train","Test","Train","Test","Test","Train","Train","Train","Train","Train","Train","Test","Train"
156,"Test","Test","Train","Test","Train","Test","Train","Train","Test","Test","Train","Train","Train","Test","Train","Test","Train","Train","Train","Test","Test","Test","Train","Test","Train","Train","Train","Train","Train","Train","Test","Train","Test"
157,"Test","Train","Train","Test","Test","Train","Train","Train","Test","Train","Test","Train","Train","Train","Train","Train","Test","Test","Test","Train","Train","Test","Train","Train","Train","Test","Train","Train","Train","Train","Train","Train","Test"
158,"Train","Test","Train","Train","Test","Train","Test","Test","Test","Train","Train","Test","Test","Train","Train","Test","Test","Train","Train","Train","Test","Train","Train","Train","Test","Train","Test","Train","Test","Train","Train","Train","Train"
159,"Train","Train","Train","Train","Train","Train","Train","Train","Test","Train","Train","Test","Test","Test","Train","Test","Test","Train","Train","Train","Test","Train","Train","Test","Train","Train","Train","Test","Train","Train","Train","Train","Train"
160,"Test","Train","Train","Train","Train","Train","Train","Train","Train","Test","Test","Train","Train","Train","Test","Train","Train","Test","Train","Test","Test","Train","Train","Train","Train","Train","Train","Train","Train","Test","Train","Train","Train"
161,"Train","Train","Train","Train","Train","Train","Train","Train","Train","Train","Train","Train","Test","Train","Train","Test","Train","Train","Train","Test","Train","Test","Test","Train","Train","Train","Train","Train","Test","Train","Train","Train","Train"
162,"Test","Train","Test","Train","Train","Train","Train","Train","Train","Test","Train","Train","Train","Test","Test","Train","Test","Train","Train","Train","Test","Test","Train","Test","Train","Test","Train","Test","Train","Test","Train","Test","Train"
163,"Train","Train","Test","Train","Train","Test","Train","Test","Test","Train","Train","Train","Train","Train","Train","Train","Train","Train","Test","Train","Test","Train","Train","Train","Test","Test","Test","Train","Train","Train","Train","Test","Train"
164,"Train","Test","Test","Test","Train","Train","Train","Test","Train","Train","Train","Train","Train","Train","Train","Train","Train","Train","Test","Train","Train","Test","Train","Train","Train","Train","Test","Train","Train","Train","Train","Test","Train"
165,"Train","Train","Train","Test","Test","Test","Train","Train","Train","Train","Train","Train","Train","Train","Train","Train","Train","Train","Train","Test","Test","Test","Test","Train","Train","Test","Train","Test","Train","Train","Train","Test","Train"
166,"Train","Train","Train","Test","Train","Train","Test","Train","Test","Test","Train","Test","Train","Train","Train","Train","Test","Train","Train","Test","Train","Test","Test","Train","Train","Train","Train","Train","Train","Train","Train","Train","Train"
167,"Train","Train","Test","Test","Train","Test","Train","Train","Train","Train","Test","Train","Test","Test","Test","Train","Test","Test","Test","Train","Train","Test","Test","Train","Test","Train","Train","Train","Train","Train","Train","Test","Train"
168,"Test","Test","Train","Test","Train","Test","Train","Train","Train","Train","Test","Test","Test","Train","Test","Train","Train","Train","Train","Train","Test","Train","Test","Train","Test","Train","Test","Train","Test","Train","Test","Train","Train"
169,"Train","Test","Train","Train","Train","Train","Train","Train","Train","Test","Train","Train","Train","Test","Train","Train","Train","Train","Train","Train","Train","Train","Train","Train","Train","Train","Train","Train","Test","Train","Train","Test","Test"
170,"Train","Train","Train","Train","Train","Train","Train","Test","Test","Test","Test","Test","Train","Train","Train","Train","Train","Test","Test","Train","Test","Train","Train","Test","Train","Test","Train","Train","Train","Train","Train","Train","Test"
171,"Train","Train","Test","Test","Train","Train","Train","Train","Train","Train","Train","Test","Train","Train","Train","Train","Train","Train","Train","Train","Train","Train","Test","Test","Train","Train","Test","Train","Train","Train","Train","Test","Train"
172,"Train","Train","Train","Train","Train","Test","Train","Test","Train","Train","Train","Train","Test","Test","Train","Test","Train","Train","Train","Train","Train","Test","Train","Test","Test","Train","Test","Train","Train","Test","Test","Test","Train"
173,"Train","Test","Test","Train","Train","Train","Test","Train","Train","Train","Train","Train","Train","Train","Train","Test","Train","Test","Test","Test","Test","Train","Train","Test","Train","Train","Test","Test","Train","Test","Test","Test","Train"
174,"Train","Train","Train","Test","Train","Test","Train","Train","Test","Test","Train","Train","Test","Test","Test","Train","Train","Train","Test","Test","Test","Train","Train","Train","Train","Train","Test","Train","Train","Test","Train","Train","Train"
175,"Train","Test","Train","Train","Test","Test","Train","Test","Train","Train","Train","Test","Train","Train","Train","Test","Test","Train","Test","Test","Train","Train","Test","Train","Test","Train","Train","Train","Train","Train","Test","Train","Test"
176,"Test","Train","Train","Train","Train","Test","Train","Test","Train","Test","Train","Train","Test","Train","Test","Train","Train","Train","Test","Train","Train","Train","Train","Train","Train","Train","Train","Train","Train","Train","Train","Train","Train"
177,"Train","Test","Test","Train","Test","Train","Train","Test","Train","Train","Test","Test","Train","Test","Test","Train","Train","Test","Test","Train","Train","Train","Train","Test","Test","Test","Train","Train","Train","Test","Test","Test","Train"
178,"Train","Test","Train","Train","Test","Test","Train","Test","Train","Train","Test","Train","Train","Train","Train","Train","Test","Test","Train","Test","Train","Test","Train","Test","Train","Test","Train","Test","Train","Test","Train","Train","Train"
179,"Train","Test","Test","Train","Test","Train","Train","Train","Train","Test","Train","Test","Test","Train","Train","Test","Test","Test","Train","Test","Train","Train","Train","Test","Train","Test","Train","Train","Test","Train","Train","Train","Test"
180,"Test","Train","Train","Train","Train","Train","Train","Train","Train","Train","Train","Train","Test","Train","Train","Test","Train","Train","Test","Train","Train","Train","Train","Train","Train","Train","Train","Train","Train","Train","Train","Train","Train"
181,"Train","Test","Train","Train","Train","Test","Train","Train","Test","Test","Train","Train","Train","Train","Train","Test","Train","Train","Train","Test","Train","Test","Test","Train","Test","Train","Train","Test","Train","Test","Train","Test","Train"
182,"Train","Train","Train","Train","Train","Test","Train","Train","Train","Train","Test","Test","Train","Test","Train","Train","Train","Train","Train","Train","Train","Test","Train","Train","Train","Test","Train","Test","Train","Train","Train","Test","Train"
183,"Train","Train","Test","Train","Test","Test","Train","Test","Test","Train","Test","Train","Train","Train","Test","Train","Test","Train","Train","Train","Train","Train","Train","Train","Train","Test","Train","Test","Train","Test","Test","Train","Train"
184,"Train","Test","Train","Train","Train","Train","Train","Test","Train","Train","Train","Train","Test","Test","Test","Train","Test","Train","Train","Train","Train","Test","Train","Train","Test","Train","Test","Train","Test","Test","Test","Train","Test"
185,"Test","Test","Test","Train","Train","Train","Train","Train","Train","Train","Test","Train","Train","Train","Test","Train","Train","Train","Train","Test","Test","Train","Train","Train","Test","Train","Test","Train","Test","Test","Test","Train","Train"
186,"Train","Train","Test","Train","Train","Test","Train","Train","Train","Train","Train","Train","Train","Train","Train","Train","Train","Train","Test","Train","Train","Test","Train","Train","Train","Train","Train","Train","Train","Train","Train","Test","Train"
187,"Train","Train","Train","Test","Test","Train","Test","Train","Test","Train","Train","Train","Train","Train","Test","Train","Train","Train","Train","Test","Train","Train","Train","Train","Train","Test","Train","Train","Train","Train","Train","Train","Train"
188,"Test","Train","Test","Train","Train","Train","Train","Train","Test","Train","Test","Train","Test","Test","Test","Train","Test","Train","Train","Train","Test","Train","Train","Test","Train","Train","Train","Train","Test","Train","Train","Train","Test"
189,"Test","Test","Train","Test","Train","Train","Test","Train","Train","Train","Train","Train","Test","Train","Train","Train","Train","Train","Train","Train","Train","Train","Test","Train","Train","Test","Train","Test","Train","Train","Train","Test","Train"
190,"Train","Train","Test","Test","Train","Train","Train","Train","Train","Train","Train","Train","Test","Train","Train","Train","Train","Train","Train","Train","Train","Test","Test","Train","Train","Test","Train","Train","Test","Train","Test","Train","Train"
191,"Train","Train","Train","Train","Train","Train","Test","Test","Test","Train","Train","Train","Test","Train","Train","Train","Train","Test","Train","Test","Test","Test","Train","Test","Train","Train","Train","Train","Test","Train","Test","Train","Train"
192,"Test","Test","Train","Test","Train","Test","Train","Train","Train","Train","Train","Train","Train","Train","Test","Test","Train","Train","Train","Train","Train","Test","Test","Train","Test","Train","Test","Train","Train","Train","Train","Test","Test"
193,"Train","Train","Test","Train","Test","Test","Train","Train","Test","Test","Test","Test","Train","Test","Train","Train","Test","Test","Test","Train","Test","Train","Train","Test","Train","Test","Train","Train","Test","Train","Test","Train","Train"
194,"Train","Train","Train","Train","Train","Train","Train","Train","Train","Test","Test","Test","Test","Train","Test","Train","Train","Test","Train","Test","Train","Test","Train","Test","Train","Train","Train","Train","Train","Train","Train","Train","Train"
195,"Train","Train","Train","Train","Test","Train","Train","Train","Train","Train","Train","Train","Train","Train","Test","Train","Train","Train","Train","Train","Train","Test","Train","Train","Test","Test","Train","Train","Train","Train","Train","Train","Test"
196,"Train","Train","Train","Test","Train","Test","Train","Test","Test","Train","Test","Test","Train","Train","Train","Train","Train","Train","Train","Train","Train","Train","Train","Train","Test","Train","Test","Train","Test","Train","Train","Test","Train"
197,"Train","Train","Train","Test","Train","Train","Train","Train","Test","Test","Train","Test","Train","Test","Test","Test","Test","Train","Train","Train","Train","Train","Train","Train","Train","Train","Test","Train","Test","Test","Test","Train","Test"
198,"Train","Train","Train","Test","Train","Train","Train","Train","Train","Train","Train","Train","Train","Test","Train","Test","Train","Train","Train","Test","Test","Test","Test","Train","Train","Test","Train","Test","Train","Train","Train","Test","Test"
199,"Train","Test","Test","Test","Train","Train","Train","Train","Train","Train","Train","Train","Train","Train","Train","Train","Test","Train","Train","Train","Train","Train","Train","Train","Train","Train","Train","Train","Test","Test","Test","Train","Test"
200,"Test","Test","Test","Test","Train","Train","Test","Train","Train","Test","Test","Train","Train","Train","Train","Test","Test","Test","Test","Train","Test","Train","Train","Train","Train","Test","Train","Train","Train","Test","Train","Train","Train"
201,"Train","Train","Train","Train","Test","Train","Train","Test","Train","Train","Train","Test","Train","Test","Train","Train","Test","Test","Train","Train","Train","Train","Train","Train","Train","Train","Train","Train","Train","Test","Test","Test","Test"
202,"Train","Train","Train","Test","Train","Train","Train","Test","Train","Train","Test","Train","Train","Test","Test","Test","Train","Train","Train","Train","Train","Train","Train","Train","Test","Train","Train","Train","Train","Train","Train","Train","Train"
203,"Train","Test","Test","Train","Train","Train","Train","Test","Train","Train","Train","Test","Train","Train","Train","Train","Train","Test","Train","Train","Train","Train","Test","Train","Train","Train","Train","Train","Train","Train","Test","Train","Train"
204,"Train","Train","Train","Train","Train","Test","Train","Train","Train","Test","Train","Train","Train","Train","Train","Train","Train","Train","Test","Train","Train","Train","Train","Train","Train","Train","Train","Train","Test","Train","Train","Train","Train"
205,"Test","Train","Train","Train","Test","Test","Train","Train","Test","Train","Train","Test","Train","Test","Train","Train","Train","Train","Test","Test","Train","Train","Test","Train","Train","Train","Train","Test","Train","Train","Train","Train","Train"
206,"Train","Test","Train","Train","Test","Train","Train","Test","Train","Train","Train","Train","Test","Test","Train","Train","Test","Train","Train","Train","Test","Train","Train","Train","Train","Train","Train","Train","Train","Test","Train","Test","Train"
207,"Train","Train","Train","Train","Train","Test","Train","Train","Test","Train","Train","Train","Train","Train","Train","Train","Train","Train","Train","Train","Test","Train","Train","Train","Train","Train","Test","Train","Test","Train","Train","Train","Train"
208,"Train","Test","Train","Train","Train","Test","Test","Test","Test","Train","Train","Train","Train","Train","Train","Test","Train","Train","Test","Test","Train","Train","Train","Train","Train","Train","Train","Train","Test","Test","Test","Train","Train"
209,"Train","Train","Train","Train","Test","Test","Train","Train","Train","Test","Test","Test","Train","Train","Test","Train","Train","Test","Train","Train","Test","Test","Train","Train","Train","Test","Train","Train","Test","Train","Train","Train","Train"
210,"Train","Train","Train","Test","Train","Train","Train","Train","Train","Train","Train","Test","Train","Train","Test","Test","Train","Train","Train","Test","Train","Train","Train","Train","Train","Test","Train","Train","Train","Train","Train","Train","Test"
211,"Train","Train","Test","Test","Train","Test","Train","Train","Train","Train","Test","Train","Train","Train","Test","Train","Test","Train","Train","Test","Train","Test","Train","Train","Train","Train","Test","Train","Test","Test","Train","Train","Test"
212,"Test","Train","Train","Train","Train","Train","Train","Test","Train","Test","Train","Test","Train","Train","Train","Test","Test","Train","Test","Train","Train","Train","Train","Test","Train","Test","Train","Test","Test","Train","Train","Train","Train"
213,"Train","Train","Test","Train","Train","Train","Test","Test","Train","Test","Train","Train","Train","Train","Train","Train","Train","Train","Train","Train","Train","Train","Train","Train","Test","Test","Test","Test","Train","Test","Train","Train","Train"
214,"Train","Train","Train","Train","Test","Train","Train","Train","Train","Test","Test","Train","Train","Test","Train","Test","Test","Test","Train","Test","Train","Train","Train","Test","Test","Test","Test","Train","Train","Test","Train","Test","Test"
215,"Test","Train","Train","Train","Train","Test","Train","Test","Test","Train","Train","Train","Train","Train","Train","Train","Train","Train","Train","Train","Train","Train","Train","Test","Train","Train","Test","Train","Test","Train","Train","Train","Train"
216,"Test","Train","Train","Train","Train","Train","Train","Test","Train","Train","Train","Train","Train","Train","Train","Train","Train","Train","Test","Train","Test","Train","Train","Train","Train","Test","Train","Train","Train","Train","Train","Train","Test"
217,"Test","Train","Train","Train","Test","Test","Train","Test","Train","Train","Train","Train","Test","Train","Train","Test","Train","Train","Train","Train","Test","Train","Train","Test","Train","Train","Test","Train","Train","Train","Train","Train","Train"
218,"Train","Train","Train","Train","Train","Train","Test","Test","Test","Test","Train","Train","Test","Test","Train","Train","Train","Train","Test","Test","Train","Train","Train","Train","Test","Train","Test","Test","Train","Train","Test","Train","Train"
219,"Train","Train","Train","Train","Train","Train","Train","Train","Test","Train","Test","Train","Train","Test","Test","Train","Test","Test","Train","Train","Train","Train","Test","Train","Train","Train","Test","Train","Train","Train","Train","Train","Train"
220,"Train","Test","Test","Train","Train","Train","Train","Train","Train","Test","Train","Test","Train","Test","Train","Train","Train","Train","Train","Train","Train","Train","Test","Train","Test","Train","Test","Test","Train","Test","Test","Train","Train"
221,"Train","Test","Train","Train","Test","Test","Train","Train","Train","Test","Train","Train","Train","Test","Train","Train","Test","Train","Test","Train","Test","Train","Train","Train","Test","Train","Train","Train","Train","Test","Train","Train","Test"
222,"Train","Train","Train","Test","Train","Train","Train","Test","Test","Train","Train","Train","Train","Train","Train","Test","Train","Train","Test","Train","Test","Train","Train","Test","Test","Train","Test","Test","Train","Test","Train","Train","Train"
223,"Test","Train","Train","Train","Train","Train","Train","Train","Test","Train","Train","Test","Train","Train","Train","Train","Train","Train","Train","Test","Test","Test","Train","Test","Test","Train","Train","Train","Test","Train","Train","Test","Train"
224,"Train","Train","Train","Train","Train","Train","Train","Test","Train","Train","Test","Test","Train","Train","Train","Train","Train","Train","Train","Train","Train","Train","Test","Train","Train","Test","Train","Test","Test","Test","Train","Train","Train"
225,"Train","Train","Train","Train","Train","Test","Train","Train","Test","Train","Train","Train","Train","Train","Train","Train","Train","Test","Train","Train","Train","Test","Test","Train","Test","Train","Test","Train","Test","Train","Test","Train","Train"
226,"Test","Test","Train","Train","Train","Train","Test","Train","Train","Test","Train","Test","Test","Train","Test","Train","Train","Test","Test","Train","Train","Train","Test","Train","Test","Train","Train","Train","Test","Train","Test","Train","Train"
227,"Train","Train","Train","Test","Train","Train","Train","Train","Train","Train","Train","Train","Train","Train","Train","Train","Train","Train","Train","Train","Test","Train","Train","Train","Train","Train","Train","Train","Train","Train","Test","Train","Train"
228,"Test","Train","Test","Train","Train","Train","Test","Test","Train","Train","Train","Train","Train","Test","Train","Train","Test","Train","Test","Test","Test","Train","Train","Train","Train","Train","Test","Train","Test","Train","Test","Test","Train"
229,"Train","Train","Test","Train","Train","Train","Train","Train","Train","Train","Train","Train","Train","Train","Test","Train","Train","Train","Train","Train","Train","Test","Test","Train","Train","Train","Train","Train","Train","Test","Test","Train","Train"
230,"Train","Test","Train","Train","Test","Test","Train","Test","Train","Test","Train","Train","Train","Train","Train","Train","Train","Test","Train","Train","Train","Test","Train","Test","Train","Test","Train","Train","Train","Train","Train","Train","Test"
231,"Test","Train","Train","Train","Train","Test","Test","Train","Train","Train","Test","Train","Train","Train","Test","Test","Train","Train","Train","Test","Train","Train","Train","Train","Train","Train","Train","Train","Train","Test","Train","Train","Test"
232,"Train","Train","Train","Train","Train","Train","Test","Train","Train","Train","Test","Train","Test","Train","Train","Test","Train","Test","Train","Train","Train","Test","Train","Train","Train","Train","Test","Test","Test","Train","Train","Train","Train"
233,"Train","Train","Test","Test","Test","Train","Train","Train","Train","Test","Train","Test","Test","Train","Train","Train","Train","Test","Test","Test","Test","Train","Train","Train","Train","Train","Test","Test","Train","Train","Train","Train","Test"
234,"Test","Train","Train","Train","Train","Train","Test","Test","Train","Train","Train","Train","Train","Train","Test","Train","Train","Train","Test","Train","Test","Train","Test","Test","Train","Train","Test","Train","Train","Train","Test","Train","Test"
235,"Test","Train","Train","Train","Test","Train","Train","Test","Train","Test","Train","Train","Test","Train","Train","Train","Test","Train","Train","Train","Test","Test","Test","Train","Train","Train","Train","Train","Test","Test","Train","Train","Train"
236,"Test","Test","Test","Train","Train","Train","Train","Train","Test","Train","Test","Train","Train","Train","Train","Test","Train","Test","Train","Train","Train","Train","Train","Test","Train","Train","Test","Train","Train","Test","Train","Test","Train"
237,"Test","Test","Test","Train","Train","Train","Train","Train","Train","Train","Train","Test","Train","Train","Test","Train","Test","Train","Test","Train","Test","Train","Train","Train","Test","Train","Test","Test","Train","Train","Train","Test","Train"
238,"Train","Train","Train","Train","Train","Train","Test","Train","Train","Test","Train","Train","Test","Train","Test","Train","Train","Test","Train","Train","Train","Train","Train","Train","Train","Test","Train","Train","Train","Test","Train","Test","Test"
239,"Train","Train","Train","Test","Train","Train","Train","Train","Train","Train","Train","Train","Train","Test","Test","Test","Train","Train","Train","Train","Test","Train","Train","Train","Test","Test","Train","Train","Train","Train","Train","Test","Train"
240,"Train","Train","Train","Train","Train","Test","Train","Train","Train","Train","Train","Train","Train","Train","Train","Train","Train","Train","Train","Train","Train","Train","Train","Train","Test","Train","Train","Train","Train","Test","Test","Train","Train"
241,"Train","Train","Train","Train","Train","Train","Test","Test","Train","Train","Train","Train","Test","Train","Train","Train","Train","Train","Train","Train","Test","Test","Train","Test","Train","Train","Train","Train","Train","Train","Train","Test","Train"
242,"Train","Train","Train","Train","Test","Train","Train","Train","Train","Train","Train","Train","Train","Train","Train","Train","Train","Train","Train","Test","Train","Train","Train","Test","Test","Train","Train","Train","Train","Test","Train","Train","Test"
243,"Train","Train","Train","Train","Train","Train","Test","Train","Train","Train","Train","Train","Train","Test","Train","Test","Train","Train","Test","Train","Train","Test","Train","Test","Train","Train","Train","Train","Train","Train","Train","Train","Train"
244,"Train","Test","Train","Test","Train","Train","Test","Train","Train","Test","Test","Test","Train","Train","Test","Train","Test","Train","Train","Test","Train","Train","Train","Train","Train","Train","Train","Train","Test","Train","Train","Train","Test"
245,"Train","Train","Train","Test","Test","Test","Test","Train","Test","Train","Train","Train","Train","Test","Test","Train","Test","Train","Train","Train","Train","Train","Train","Train","Train","Test","Train","Test","Test","Train","Train","Train","Train"
246,"Train","Train","Test","Test","Train","Train","Train","Train","Train","Train","Train","Train","Train","Train","Train","Train","Train","Test","Train","Train","Train","Train","Test","Train","Train","Train","Test","Train","Train","Train","Train","Train","Test"
247,"Test","Train","Train","Test","Train","Train","Train","Test","Test","Test","Train","Test","Test","Train","Train","Train","Train","Test","Test","Train","Test","Train","Train","Test","Train","Test","Train","Test","Train","Train","Test","Train","Train"
248,"Test","Train","Train","Test","Test","Train","Train","Train","Train","Test","Test","Test","Train","Train","Test","Train","Test","Train","Test","Test","Train","Train","Train","Test","Train","Train","Test","Test","Train","Train","Train","Test","Train"
249,"Train","Test","Train","Train","Test","Train","Train","Test","Train","Train","Test","Train","Train","Train","Train","Test","Train","Test","Train","Test","Train","Test","Train","Train","Train","Test","Train","Train","Train","Train","Test","Train","Train"
250,"Train","Test","Test","Train","Train","Test","Test","Train","Train","Train","Train","Test","Train","Test","Train","Train","Train","Train","Train","Test","Train","Test","Train","Test","Train","Test","Train","Train","Train","Test","Train","Train","Test"
251,"Train","Train","Train","Train","Train","Train","Test","Train","Train","Test","Train","Train","Train","Test","Train","Train","Train","Test","Train","Train","Train","Train","Train","Train","Train","Train","Train","Train","Train","Train","Train","Test","Test"
252,"Train","Train","Train","Train","Train","Train","Train","Train","Test","Train","Train","Train","Train","Test","Test","Train","Train","Train","Test","Train","Train","Train","Train","Test","Train","Test","Train","Test","Train","Train","Test","Test","Train"
253,"Train","Test","Train","Test","Test","Train","Test","Test","Train","Train","Train","Test","Test","Train","Train","Train","Train","Test","Train","Train","Train","Train","Test","Test","Train","Train","Train","Train","Test","Train","Test","Train","Train"
254,"Test","Train","Train","Train","Train","Train","Test","Train","Test","Train","Train","Train","Train","Test","Train","Train","Train","Train","Train","Train","Train","Train","Train","Test","Train","Test","Train","Train","Train","Train","Test","Test","Train"
255,"Train","Test","Test","Train","Train","Train","Train","Train","Train","Train","Test","Train","Test","Train","Train","Test","Train","Train","Train","Train","Test","Train","Train","Test","Train","Train","Train","Train","Test","Train","Test","Test","Train"
256,"Train","Train","Train","Train","Train","Test","Test","Test","Test","Train","Train","Test","Train","Train","Train","Test","Train","Test","Train","Test","Train","Train","Train","Train","Train","Test","Train","Train","Train","Train","Train","Train","Train"
257,"Test","Train","Test","Train","Test","Train","Test","Train","Train","Train","Test","Train","Test","Train","Train","Test","Train","Train","Train","Test","Train","Train","Train","Train","Train","Train","Train","Train","Train","Train","Test","Train","Train"
258,"Train","Test","Train","Train","Train","Train","Train","Test","Train","Train","Train","Train","Train","Train","Test","Train","Train","Train","Train","Train","Test","Train","Train","Test","Train","Train","Train","Test","Train","Train","Test","Train","Train"
259,"Train","Train","Train","Test","Test","Train","Test","Train","Test","Train","Train","Train","Train","Train","Train","Train","Train","Train","Test","Train","Test","Train","Train","Train","Train","Train","Train","Test","Train","Test","Train","Test","Train"
260,"Train","Test","Test","Train","Train","Train","Train","Train","Train","Test","Train","Train","Train","Test","Test","Train","Test","Test","Train","Train","Train","Train","Test","Train","Train","Train","Train","Train","Train","Test","Train","Test","Train"
261,"Train","Test","Train","Train","Test","Test","Test","Test","Test","Train","Train","Train","Train","Train","Train","Train","Train","Train","Train","Train","Test","Test","Train","Train","Train","Train","Train","Test","Train","Train","Train","Test","Train"
262,"Train","Train","Test","Train","Train","Test","Train","Train","Train","Train","Train","Train","Train","Test","Test","Test","Test","Train","Train","Test","Train","Train","Train","Test","Train","Train","Train","Train","Train","Test","Train","Test","Train"
263,"Train","Test","Test","Train","Test","Test","Test","Train","Train","Train","Train","Train","Train","Train","Train","Train","Train","Test","Train","Train","Train","Train","Train","Test","Test","Train","Train","Test","Train","Train","Test","Train","Test"
264,"Train","Test","Train","Train","Train","Train","Train","Test","Test","Train","Train","Train","Train","Train","Train","Train","Train","Train","Train","Train","Train","Train","Train","Test","Train","Test","Test","Test","Train","Train","Train","Train","Test"
265,"Test","Train","Train","Train","Train","Test","Test","Train","Test","Test","Train","Train","Train","Train","Train","Train","Train","Train","Test","Test","Train","Train","Train","Train","Train","Test","Train","Train","Train","Train","Test","Test","Test"
266,"Train","Test","Train","Train","Train","Train","Train","Train","Train","Train","Train","Train","Train","Train","Train","Train","Train","Test","Train","Test","Test","Test","Train","Train","Train","Train","Train","Train","Test","Train","Train","Train","Test"
267,"Test","Train","Train","Train","Test","Test","Train","Train","Train","Train","Train","Test","Train","Train","Train","Train","Train","Train","Test","Train","Test","Train","Test","Train","Test","Train","Train","Train","Train","Train","Train","Train","Test"
268,"Train","Train","Test","Test","Test","Train","Train","Train","Train","Train","Train","Test","Test","Train","Train","Train","Train","Train","Train","Train","Train","Test","Train","Train","Test","Train","Test","Test","Train","Train","Train","Train","Train"
269,"Train","Train","Train","Test","Test","Test","Test","Train","Test","Train","Train","Train","Train","Train","Test","Train","Test","Train","Train","Train","Train","Train","Test","Train","Train","Train","Test","Train","Train","Train","Train","Test","Train"
270,"Train","Test","Train","Test","Test","Train","Test","Train","Train","Test","Train","Train","Test","Train","Test","Train","Test","Train","Train","Train","Train","Train","Train","Train","Train","Train","Train","Train","Train","Test","Train","Train","Test"
271,"Train","Test","Train","Train","Train","Train","Train","Train","Train","Train","Test","Train","Train","Test","Train","Train","Train","Test","Test","Test","Train","Train","Train","Test","Test","Test","Train","Test","Train","Train","Test","Train","Train"
272,"Test","Train","Train","Train","Train","Test","Test","Train","Test","Test","Train","Train","Train","Test","Train","Test","Train","Train","Train","Train","Train","Test","Train","Train","Train","Train","Train","Test","Test","Train","Test","Train","Test"
273,"Train","Train","Test","Train","Test","Test","Train","Test","Train","Train","Train","Train","Train","Test","Train","Train","Train","Test","Train","Train","Train","Train","Test","Train","Train","Train","Train","Train","Train","Train","Train","Test","Train"
274,"Test","Train","Train","Test","Train","Train","Train","Test","Train","Train","Train","Train","Train","Train","Train","Test","Train","Train","Train","Train","Test","Test","Train","Test","Train","Train","Train","Train","Train","Train","Train","Train","Train"
275,"Test","Train","Train","Test","Train","Train","Train","Train","Train","Train","Test","Test","Train","Train","Test","Train","Train","Test","Test","Train","Test","Train","Train","Test","Train","Test","Test","Test","Test","Test","Train","Train","Test"
276,"Train","Train","Train","Train","Test","Train","Test","Train","Test","Train","Train","Test","Train","Test","Test","Train","Test","Test","Train","Train","Train","Train","Test","Train","Train","Test","Train","Test","Test","Test","Train","Test","Train"
277,"Train","Train","Train","Train","Train","Train","Train","Train","Train","Train","Train","Train","Test","Train","Train","Train","Train","Test","Train","Test","Train","Test","Test","Train","Test","Train","Train","Train","Test","Train","Test","Test","Train"
278,"Train","Train","Train","Train","Train","Test","Test","Test","Train","Train","Test","Test","Train","Test","Test","Train","Train","Train","Train","Train","Test","Train","Train","Train","Test","Train","Train","Test","Test","Train","Train","Train","Test"
279,"Test","Train","Train","Test","Train","Test","Train","Train","Train","Train","Train","Train","Train","Train","Test","Train","Train","Train","Train","Train","Train","Test","Train","Train","Train","Train","Train","Train","Test","Test","Test","Train","Test"
280,"Train","Train","Test","Test","Train","Train","Train","Train","Train","Test","Train","Train","Train","Train","Train","Train","Train","Train","Train","Train","Train","Train","Train","Train","Train","Train","Train","Test","Train","Train","Train","Train","Train"
281,"Test","Train","Test","Test","Train","Train","Train","Test","Train","Train","Train","Test","Train","Train","Train","Train","Train","Train","Train","Train","Test","Train","Train","Test","Train","Train","Test","Test","Train","Test","Train","Test","Test"
282,"Train","Train","Train","Test","Test","Test","Train","Test","Test","Train","Train","Test","Train","Train","Test","Train","Train","Test","Test","Train","Train","Train","Train","Train","Test","Test","Train","Train","Train","Train","Train","Train","Train"
283,"Train","Train","Test","Train","Test","Train","Test","Train","Test","Train","Test","Train","Test","Train","Test","Train","Test","Train","Train","Train","Train","Test","Train","Train","Train","Train","Train","Train","Train","Train","Train","Train","Train"
284,"Test","Train","Train","Train","Train","Test","Test","Train","Train","Train","Train","Test","Test","Test","Train","Train","Test","Train","Train","Test","Train","Test","Train","Train","Train","Train","Test","Train","Train","Train","Train","Train","Test"
285,"Test","Train","Test","Train","Train","Train","Train","Test","Train","Train","Train","Test","Test","Train","Train","Train","Test","Test","Train","Train","Test","Train","Test","Test","Train","Train","Test","Train","Train","Train","Train","Test","Test"
286,"Test","Test","Train","Train","Test","Train","Train","Train","Train","Train","Train","Test","Train","Train","Test","Train","Test","Train","Test","Train","Test","Test","Train","Train","Train","Train","Train","Train","Train","Train","Train","Train","Train"
287,"Train","Train","Test","Test","Train","Test","Test","Train","Train","Train","Test","Train","Test","Train","Test","Train","Test","Train","Train","Train","Train","Train","Train","Train","Test","Train","Test","Test","Train","Test","Train","Test","Test"
288,"Train","Train","Train","Test","Test","Train","Train","Train","Train","Train","Train","Train","Train","Test","Train","Train","Test","Test","Train","Train","Train","Test","Train","Train","Train","Train","Train","Test","Train","Train","Test","Train","Train"
289,"Train","Train","Train","Test","Train","Train","Train","Train","Train","Train","Train","Train","Train","Test","Test","Test","Train","Train","Train","Train","Train","Test","Train","Train","Train","Train","Train","Train","Train","Test","Train","Train","Train"
290,"Test","Train","Test","Train","Test","Test","Train","Train","Train","Train","Train","Train","Test","Train","Train","Train","Train","Train","Train","Train","Train","Test","Test","Train","Train","Train","Test","Train","Train","Test","Train","Train","Train"
291,"Train","Train","Train","Train","Test","Test","Train","Test","Train","Train","Train","Train","Train","Train","Train","Train","Train","Test","Train","Train","Train","Train","Train","Test","Train","Train","Train","Test","Test","Test","Train","Test","Train"
292,"Train","Test","Train","Train","Test","Test","Train","Test","Train","Train","Train","Train","Test","Train","Train","Train","Test","Train","Test","Train","Train","Train","Train","Train","Test","Test","Test","Train","Test","Test","Test","Train","Train"
293,"Train","Train","Train","Train","Train","Train","Test","Train","Test","Test","Train","Test","Test","Train","Test","Train","Train","Test","Train","Train","Train","Train","Test","Train","Train","Test","Train","Test","Train","Test","Test","Train","Test"
294,"Train","Test","Train","Train","Train","Train","Test","Test","Train","Test","Train","Train","Train","Train","Train","Train","Train","Train","Train","Test","Test","Train","Test","Test","Test","Test","Train","Train","Train","Train","Train","Test","Train"
295,"Test","Test","Test","Train","Test","Train","Train","Train","Test","Test","Train","Test","Train","Train","Train","Test","Train","Train","Train","Train","Test","Train","Train","Train","Train","Train","Train","Train","Train","Train","Test","Train","Train"
296,"Train","Test","Train","Train","Train","Test","Train","Test","Test","Test","Test","Test","Train","Test","Train","Train","Test","Train","Test","Train","Train","Train","Train","Train","Train","Test","Train","Test","Train","Test","Train","Test","Train"
297,"Train","Test","Test","Train","Train","Train","Train","Test","Train","Train","Train","Train","Train","Train","Test","Train","Train","Test","Train","Train","Train","Train","Train","Train","Test","Train","Test","Test","Train","Train","Test","Test","Train"
298,"Test","Train","Train","Train","Test","Test","Train","Train","Test","Train","Train","Train","Test","Train","Test","Train","Test","Train","Train","Test","Train","Train","Train","Train","Train","Test","Test","Train","Test","Train","Train","Train","Test"
299,"Train","Test","Train","Train","Test","Train","Train","Train","Test","Train","Train","Train","Test","Test","Train","Train","Train","Train","Train","Test","Train","Train","Train","Train","Train","Train","Train","Test","Test","Train","Test","Test","Train"
300,"Train","Test","Train","Train","Test","Train","Test","Train","Train","Test","Test","Train","Train","Train","Train","Train","Train","Test","Test","Train","Test","Train","Test","Train","Train","Train","Test","Test","Train","Train","Train","Test","Test"
301,"Train","Train","Test","Train","Train","Train","Test","Train","Train","Train","Train","Test","Train","Train","Train","Test","Train","Train","Train","Test","Test","Train","Train","Train","Test","Train","Test","Train","Train","Train","Test","Train","Train"
302,"Train","Train","Train","Train","Train","Train","Train","Train","Train","Train","Train","Train","Test","Train","Test","Train","Test","Train","Train","Test","Train","Test","Train","Test","Test","Test","Train","Train","Test","Train","Train","Train","Train"
303,"Test","Test","Test","Train","Train","Test","Train","Test","Test","Train","Train","Train","Train","Train","Train","Test","Train","Train","Train","Train","Train","Train","Test","Train","Test","Train","Train","Test","Train","Train","Train","Train","Train"
304,"Test","Train","Train","Train","Train","Train","Train","Test","Train","Train","Train","Train","Test","Train","Train","Train","Train","Test","Train","Train","Train","Train","Train","Train","Train","Train","Train","Train","Train","Train","Test","Train","Train"
305,"Train","Test","Train","Train","Test","Train","Train","Test","Test","Train","Train","Train","Train","Test","Train","Train","Train","Train","Train","Test","Train","Train","Train","Train","Test","Train","Train","Train","Train","Train","Train","Train","Train"
306,"Train","Train","Test","Train","Test","Train","Train","Train","Test","Train","Train","Test","Train","Train","Test","Test","Train","Train","Train","Test","Train","Train","Train","Test","Test","Train","Train","Train","Train","Test","Test","Test","Train"
307,"Train","Test","Train","Train","Test","Train","Train","Train","Test","Train","Train","Test","Train","Test","Train","Train","Test","Test","Train","Train","Train","Train","Train","Train","Train","Train","Test","Train","Test","Train","Train","Train","Test"
308,"Train","Train","Train","Test","Train","Train","Test","Train","Train","Train","Test","Train","Train","Test","Train","Train","Test","Train","Test","Train","Train","Train","Test","Train","Train","Test","Train","Train","Train","Train","Test","Train","Test"
309,"Train","Train","Train","Train","Train","Train","Train","Train","Train","Train","Train","Train","Test","Train","Train","Train","Train","Train","Train","Train","Train","Test","Train","Train","Train","Test","Train","Train","Train","Train","Test","Train","Test"
310,"Train","Train","Train","Test","Train","Train","Test","Train","Test","Test","Test","Train","Train","Train","Train","Train","Test","Train","Train","Train","Train","Train","Train","Train","Test","Train","Test","Train","Test","Train","Test","Train","Train"
311,"Train","Train","Train","Train","Train","Test","Train","Train","Test","Train","Train","Train","Test","Train","Train","Test","Train","Test","Test","Train","Train","Train","Train","Train","Train","Train","Train","Test","Train","Test","Train","Train","Train"
312,"Train","Train","Train","Train","Test","Train","Train","Train","Test","Train","Train","Train","Train","Train","Train","Test","Train","Train","Train","Train","Test","Test","Train","Train","Test","Train","Test","Train","Train","Train","Train","Test","Train"
313,"Train","Test","Test","Train","Test","Test","Train","Test","Test","Train","Train","Train","Train","Test","Train","Test","Train","Test","Test","Train","Train","Test","Train","Train","Train","Train","Train","Test","Train","Train","Train","Train","Train"
314,"Train","Train","Train","Test","Train","Train","Test","Train","Train","Train","Train","Train","Train","Train","Test","Test","Train","Train","Train","Train","Train","Train","Train","Train","Train","Test","Train","Test","Train","Train","Train","Test","Test"
315,"Train","Train","Test","Test","Train","Train","Train","Train","Train","Train","Train","Train","Train","Train","Train","Train","Train","Train","Train","Train","Train","Test","Train","Train","Train","Train","Test","Train","Test","Train","Train","Test","Train"
316,"Train","Test","Test","Train","Test","Train","Train","Test","Train","Train","Train","Test","Train","Test","Train","Train","Train","Train","Train","Test","Test","Test","Train","Train","Train","Train","Train","Train","Train","Test","Test","Test","Train"
317,"Train","Train","Train","Train","Train","Train","Train","Train","Test","Test","Test","Train","Test","Train","Train","Train","Train","Train","Train","Test","Test","Train","Test","Train","Train","Train","Train","Train","Train","Train","Test","Test","Train"
318,"Train","Train","Test","Test","Train","Test","Train","Test","Train","Train","Test","Test","Train","Train","Train","Train","Test","Test","Train","Test","Train","Train","Train","Train","Test","Train","Train","Train","Train","Train","Train","Train","Train"
319,"Train","Train","Train","Test","Test","Test","Train","Test","Train","Train","Train","Test","Test","Train","Test","Test","Test","Train","Train","Train","Train","Test","Train","Test","Train","Test","Train","Train","Test","Train","Train","Train","Train"
320,"Train","Test","Test","Test","Train","Train","Test","Test","Train","Test","Train","Train","Train","Train","Train","Test","Test","Train","Train","Test","Train","Train","Train","Train","Train","Train","Train","Train","Train","Train","Train","Train","Train"
321,"Train","Test","Train","Train","Train","Test","Train","Train","Train","Test","Train","Test","Test","Train","Test","Train","Train","Train","Train","Train","Train","Test","Train","Train","Test","Train","Train","Train","Train","Test","Train","Train","Test"
322,"Train","Train","Test","Train","Test","Train","Test","Train","Test","Test","Train","Train","Train","Test","Train","Test","Train","Test","Train","Train","Test","Test","Test","Train","Train","Train","Train","Train","Train","Test","Train","Train","Train"
323,"Test","Train","Test","Train","Train","Train","Test","Test","Train","Train","Test","Train","Test","Test","Train","Train","Test","Train","Train","Test","Test","Train","Train","Train","Train","Test","Train","Train","Train","Train","Test","Train","Test"
324,"Train","Test","Test","Test","Test","Train","Train","Test","Train","Train","Test","Train","Train","Test","Train","Train","Test","Train","Test","Train","Train","Test","Train","Test","Test","Train","Train","Test","Test","Train","Test","Train","Train"
325,"Train","Train","Train","Test","Test","Train","Train","Test","Train","Test","Train","Train","Train","Train","Test","Train","Test","Train","Train","Train","Train","Train","Train","Train","Train","Train","Test","Test","Train","Test","Train","Train","Train"
326,"Train","Train","Train","Test","Test","Train","Train","Train","Test","Train","Train","Train","Train","Test","Test","Test","Train","Train","Train","Test","Train","Train","Train","Test","Train","Train","Test","Test","Test","Train","Train","Train","Test"
327,"Test","Train","Test","Test","Train","Train","Train","Train","Train","Train","Train","Test","Train","Test","Train","Train","Train","Train","Train","Train","Train","Train","Train","Test","Train","Train","Train","Test","Train","Test","Train","Test","Test"
328,"Train","Train","Train","Train","Test","Train","Train","Train","Train","Train","Train","Train","Train","Train","Train","Test","Train","Train","Train","Train","Train","Train","Train","Train","Train","Train","Train","Train","Test","Train","Test","Train","Test"
329,"Train","Train","Train","Train","Train","Test","Train","Train","Train","Train","Test","Train","Test","Test","Train","Test","Train","Test","Train","Train","Test","Train","Test","Test","Train","Test","Train","Test","Test","Train","Train","Train","Test"
330,"Train","Train","Train","Train","Train","Train","Train","Train","Train","Train","Train","Train","Test","Train","Train","Train","Test","Train","Train","Test","Train","Train","Test","Train","Train","Test","Train","Train","Train","Train","Train","Train","Test"
331,"Test","Train","Train","Test","Test","Train","Train","Train","Train","Test","Test","Test","Train","Test","Train","Train","Train","Train","Test","Train","Train","Train","Train","Train","Test","Train","Test","Train","Test","Test","Train","Train","Train"
332,"Test","Test","Train","Test","Train","Test","Test","Train","Train","Test","Train","Train","Test","Test","Train","Test","Train","Train","Test","Test","Test","Test","Test","Train","Train","Train","Train","Train","Test","Train","Train","Test","Train"
333,"Train","Train","Train","Train","Train","Train","Train","Train","Train","Test","Train","Train","Train","Test","Train","Test","Train","Train","Train","Train","Train","Train","Test","Train","Train","Test","Test","Train","Train","Test","Train","Train","Train"
334,"Train","Test","Train","Test","Test","Train","Train","Train","Test","Train","Train","Test","Test","Train","Train","Test","Train","Test","Train","Train","Train","Train","Train","Test","Train","Test","Test","Train","Test","Train","Train","Test","Train"
335,"Test","Train","Train","Test","Train","Test","Train","Train","Train","Train","Test","Train","Test","Train","Train","Train","Train","Train","Test","Train","Train","Test","Train","Train","Train","Train","Train","Train","Test","Train","Train","Train","Test"
336,"Train","Test","Test","Test","Train","Train","Train","Train","Train","Train","Test","Train","Train","Test","Test","Train","Train","Train","Train","Train","Train","Test","Test","Test","Train","Test","Train","Train","Train","Train","Test","Train","Train"
337,"Test","Test","Train","Test","Test","Train","Train","Test","Train","Train","Train","Train","Test","Train","Train","Train","Train","Train","Train","Test","Train","Test","Train","Train","Train","Train","Train","Train","Train","Train","Train","Train","Train"
338,"Train","Test","Test","Train","Train","Train","Test","Train","Test","Train","Train","Train","Test","Test","Test","Train","Test","Train","Train","Test","Train","Train","Test","Train","Test","Test","Train","Train","Test","Train","Test","Train","Test"
339,"Test","Train","Train","Train","Train","Train","Train","Train","Test","Train","Train","Train","Train","Test","Train","Train","Test","Train","Train","Train","Test","Test","Train","Train","Train","Train","Train","Train","Train","Test","Test","Train","Train"
340,"Train","Test","Test","Train","Train","Test","Train","Train","Train","Train","Train","Train","Train","Train","Train","Train","Test","Test","Test","Test","Train","Train","Train","Train","Train","Train","Train","Train","Train","Test","Train","Train","Train"
341,"Train","Train","Test","Train","Test","Train","Train","Train","Train","Train","Train","Test","Train","Test","Train","Train","Test","Train","Train","Train","Test","Train","Train","Test","Train","Train","Test","Train","Train","Test","Train","Train","Train"
342,"Train","Train","Train","Train","Test","Train","Train","Train","Train","Train","Train","Train","Test","Test","Test","Train","Train","Test","Test","Train","Train","Train","Test","Train","Train","Test","Test","Test","Train","Train","Train","Test","Test"
343,"Train","Train","Test","Test","Train","Train","Test","Train","Train","Test","Test","Train","Train","Train","Train","Train","Test","Train","Train","Train","Train","Test","Train","Test","Train","Train","Train","Train","Test","Train","Test","Train","Test"
344,"Train","Train","Test","Train","Train","Test","Train","Test","Train","Train","Train","Train","Train","Train","Train","Train","Train","Train","Train","Test","Train","Train","Train","Test","Train","Train","Test","Train","Train","Train","Train","Test","Test"
345,"Train","Train","Train","Train","Train","Train","Test","Train","Test","Train","Train","Train","Test","Train","Train","Test","Train","Train","Train","Train","Train","Train","Train","Test","Test","Test","Train","Train","Train","Train","Test","Test","Train"
346,"Train","Train","Test","Test","Test","Train","Train","Train","Train","Train","Train","Test","Train","Test","Test","Train","Train","Test","Test","Train","Test","Train","Train","Train","Train","Test","Train","Test","Test","Train","Train","Train","Train"
347,"Train","Test","Test","Train","Test","Train","Train","Train","Train","Train","Test","Test","Test","Train","Train","Train","Train","Test","Train","Train","Train","Train","Train","Test","Train","Train","Test","Train","Train","Train","Train","Train","Test"
348,"Train","Train","Train","Test","Train","Train","Test","Test","Test","Train","Train","Test","Train","Train","Train","Train","Train","Train","Train","Train","Train","Train","Train","Test","Train","Test","Train","Test","Train","Test","Train","Test","Test"
349,"Train","Train","Test","Test","Train","Test","Train","Train","Test","Test","Train","Train","Train","Test","Test","Train","Train","Test","Train","Test","Test","Train","Test","Train","Train","Test","Test","Train","Test","Train","Train","Test","Train"
350,"Train","Train","Train","Train","Train","Train","Train","Train","Test","Train","Test","Train","Train","Train","Train","Train","Train","Train","Train","Train","Test","Train","Test","Train","Train","Test","Train","Train","Train","Test","Train","Train","Train"
351,"Train","Train","Test","Test","Train","Train","Test","Test","Test","Train","Test","Train","Test","Train","Train","Test","Test","Train","Train","Train","Train","Test","Train","Train","Train","Train","Train","Train","Train","Train","Train","Test","Train"
